date,tavg,tmin,tmax,prcp,snow,wdir,wspd,wpgt,pres,tsun
2018-01-01,6.8,4.3,9.0,7.2,0.0,,24.0,,999.6,67
2018-01-02,5.5,4.4,6.9,11.4,0.0,,18.0,,1007.1,9
2018-01-03,7.5,6.1,10.1,6.0,0.0,,35.0,,991.5,31
2018-01-04,8.0,7.0,11.1,1.9,0.0,,25.0,,994.6,0
2018-01-05,7.9,5.7,9.2,0.0,0.0,,21.0,,996.7,4
2018-01-06,4.7,1.9,6.9,0.7,0.0,,7.0,,1008.0,1
2018-01-07,2.2,1.0,3.9,0.0,0.0,,23.0,,1024.2,102
2018-01-08,2.1,0.7,4.3,0.0,0.0,,22.0,,1023.9,301
2018-01-09,3.6,1.6,7.2,0.0,0.0,,9.0,,1012.5,2
2018-01-10,6.9,3.2,10.4,0.0,0.0,,10.0,,1010.2,61
2018-01-11,5.4,3.7,7.4,0.0,0.0,,3.0,,1016.2,0
2018-01-12,3.5,1.5,4.7,0.0,0.0,,4.0,,1025.4,0
2018-01-13,4.5,2.0,7.0,0.0,0.0,,8.0,,1025.1,24
2018-01-14,2.4,-0.6,4.4,0.0,0.0,,12.0,,1021.5,282
2018-01-15,4.5,2.0,6.7,4.2,0.0,,25.0,,1006.0,12
2018-01-16,4.3,1.6,6.9,11.2,0.0,,23.0,,992.6,20
2018-01-17,2.2,0.3,3.9,5.3,0.0,,24.0,,999.4,17
2018-01-18,4.4,0.9,9.8,10.2,0.0,,35.0,,997.1,35
2018-01-19,2.1,0.5,4.6,5.4,0.0,,12.0,,1006.5,5
2018-01-20,2.4,1.0,4.2,3.5,0.0,,11.0,,1004.0,64
2018-01-21,2.1,1.0,4.1,0.7,0.0,,12.0,,1012.1,13
2018-01-22,4.9,1.5,7.2,1.1,0.0,,17.0,,1008.8,0
2018-01-23,7.3,5.4,9.5,0.2,0.0,,19.0,,1019.8,17
2018-01-24,11.9,9.5,13.8,2.5,0.0,,30.0,,1014.3,44
2018-01-25,8.2,6.2,11.8,1.4,0.0,,14.0,,1012.0,0
2018-01-26,6.0,2.9,8.4,0.0,0.0,,6.0,,1018.2,2
2018-01-27,5.5,3.4,7.8,0.3,0.0,,14.0,,1028.5,209
2018-01-28,8.3,5.2,10.4,0.0,0.0,233.0,27.0,,1028.4,2
2018-01-29,9.3,5.8,10.3,3.2,0.0,244.0,29.0,,1024.9,0
2018-01-30,4.3,1.5,6.6,0.8,0.0,233.0,13.0,,1027.3,142
2018-01-31,6.8,2.5,9.8,8.4,0.0,,25.0,,1006.5,0
2018-02-01,3.0,1.7,5.2,1.9,0.0,224.0,19.0,,1000.0,124
2018-02-02,3.4,1.6,4.5,2.6,0.0,236.0,17.0,,1002.3,0
2018-02-03,2.3,-0.5,4.9,1.1,0.0,244.0,12.0,,1007.0,43
2018-02-04,-0.6,-2.0,0.9,0.2,0.0,139.0,10.0,,1019.2,90
2018-02-05,-0.8,-3.4,2.2,0.0,0.0,74.0,12.0,,1026.7,183
2018-02-06,-1.7,-4.0,0.4,0.0,0.0,,11.0,,1016.4,86
2018-02-07,-1.3,-4.8,1.7,0.0,0.0,,8.0,,1016.7,395
2018-02-08,-3.2,-6.6,1.6,0.0,0.0,196.0,4.0,,1020.8,495
2018-02-09,-1.5,-4.7,1.1,0.0,0.0,175.0,11.0,,1015.6,424
2018-02-10,1.7,-0.2,2.9,0.8,0.0,207.0,12.0,,1014.5,0
2018-02-11,2.9,1.0,5.3,4.5,0.0,211.0,23.0,,1002.4,15
2018-02-12,1.7,-0.6,4.6,0.5,0.0,240.0,17.0,,1012.1,177
2018-02-13,1.0,-2.6,5.3,0.0,0.0,163.0,13.0,,1014.2,518
2018-02-14,0.4,-5.1,5.4,0.0,0.0,103.0,11.0,,1016.7,547
2018-02-15,3.2,0.4,5.5,2.5,10.0,176.0,17.0,,1013.1,0
2018-02-16,2.5,-1.7,7.1,0.0,0.0,227.0,12.0,,1024.6,346
2018-02-17,0.3,-2.9,5.1,0.0,0.0,71.0,6.0,,1024.9,31
2018-02-18,0.7,-4.4,7.2,0.0,0.0,118.0,6.0,,1026.7,450
2018-02-19,1.1,-2.1,4.5,0.0,0.0,,5.0,,1020.6,77
2018-02-20,0.1,-4.3,5.0,0.0,0.0,,7.0,,1019.5,505
2018-02-21,0.2,-3.1,4.1,0.0,0.0,58.0,11.0,,1025.0,512
2018-02-22,-0.5,-3.8,3.5,0.0,0.0,68.0,12.0,,1024.8,558
2018-02-23,-0.7,-3.2,2.3,0.0,0.0,70.0,16.0,,1023.5,578
2018-02-24,-1.6,-4.5,2.2,0.0,0.0,73.0,22.0,,1027.0,506
2018-02-25,-3.6,-6.4,-0.7,0.4,0.0,66.0,19.0,,1029.9,533
2018-02-26,-4.3,-7.2,-1.7,0.0,0.0,44.0,15.0,,1028.5,260
2018-02-27,-5.4,-9.2,-2.0,0.1,0.0,54.0,12.0,,1022.6,480
2018-02-28,-7.6,-10.0,-5.4,0.0,0.0,75.0,17.0,,1021.4,500
2018-03-01,-5.1,-8.3,-1.0,0.0,0.0,80.0,28.0,,1010.5,506
2018-03-02,-4.6,-8.4,-0.5,0.1,0.0,70.0,23.0,,1001.4,452
2018-03-03,-2.6,-4.8,-1.0,0.2,10.0,70.0,15.0,,999.2,52
2018-03-04,4.4,-3.3,12.1,0.2,0.0,114.0,10.0,,997.1,288
2018-03-05,7.3,1.1,12.6,0.0,0.0,172.0,11.0,,994.7,488
2018-03-06,5.8,-1.7,13.6,0.1,0.0,155.0,7.0,,991.8,551
2018-03-07,5.9,0.2,11.4,2.0,0.0,213.0,10.0,,994.8,243
2018-03-08,5.6,3.1,9.5,2.7,0.0,219.0,22.0,,1000.8,233
2018-03-09,6.2,2.7,10.1,4.9,0.0,206.0,15.0,,1006.2,145
2018-03-10,11.8,6.8,16.0,0.1,0.0,175.0,13.0,,1001.1,178
2018-03-11,12.2,7.4,15.7,0.0,0.0,158.0,12.0,,995.8,28
2018-03-12,9.6,4.2,14.7,2.7,0.0,187.0,11.0,,993.2,81
2018-03-13,6.8,4.1,9.1,6.3,0.0,241.0,18.0,,1001.7,0
2018-03-14,5.2,1.7,8.6,0.0,0.0,174.0,8.0,,1010.9,245
2018-03-15,6.0,0.5,11.6,8.6,0.0,76.0,14.0,,1000.5,475
2018-03-16,2.6,-1.3,5.4,2.9,0.0,65.0,19.0,,1003.4,0
2018-03-17,-2.8,-3.7,-1.0,0.0,0.0,65.0,30.0,,1007.7,0
2018-03-18,-1.9,-3.7,0.5,0.0,0.0,72.0,27.0,,1011.1,375
2018-03-19,-1.7,-5.5,2.7,0.6,0.0,93.0,17.0,,1014.6,673
2018-03-20,1.3,-5.8,7.4,0.0,20.0,213.0,16.0,,1020.0,475
2018-03-21,0.4,-4.4,4.6,0.2,0.0,,10.0,,1028.5,316
2018-03-22,4.3,2.1,6.4,3.7,0.0,246.0,18.0,,1015.8,0
2018-03-23,6.0,3.7,7.9,0.1,0.0,243.0,11.0,,1007.1,2
2018-03-24,5.8,0.3,11.2,0.0,0.0,113.0,7.0,,1003.1,401
2018-03-25,5.5,-1.8,12.1,0.0,0.0,,6.0,,1008.1,330
2018-03-26,6.5,2.6,10.2,0.1,0.0,254.0,9.0,,1015.1,385
2018-03-27,6.1,0.7,11.0,1.5,0.0,160.0,8.0,,1012.0,232
2018-03-28,7.2,3.9,9.6,10.5,0.0,200.0,13.0,,1001.3,0
2018-03-29,4.4,1.7,7.6,3.6,0.0,210.0,14.0,,1005.2,163
2018-03-30,8.5,2.6,13.4,3.6,0.0,122.0,12.0,,1002.3,344
2018-03-31,7.7,2.5,12.1,0.5,0.0,192.0,7.0,,999.7,373
2018-04-01,5.3,3.3,6.6,3.6,0.0,165.0,7.0,,1007.3,33
2018-04-02,8.4,1.1,13.1,0.3,0.0,179.0,13.0,,1007.7,78
2018-04-03,13.0,9.4,17.9,0.3,0.0,192.0,20.0,,1001.1,259
2018-04-04,11.3,5.8,14.7,1.0,0.0,179.0,16.0,,1001.5,165
2018-04-05,7.3,0.2,10.6,1.4,0.0,239.0,22.0,,1010.4,107
2018-04-06,7.4,-1.8,15.5,0.0,0.0,118.0,10.0,,1020.7,697
2018-04-07,15.2,5.7,23.7,0.0,0.0,133.0,12.0,,1011.2,730
2018-04-08,17.6,10.2,24.5,0.0,0.0,197.0,8.0,,1007.3,477
2018-04-09,14.7,7.8,20.7,0.0,0.0,117.0,6.0,,1004.3,255
2018-04-10,16.4,9.5,21.6,0.0,0.0,173.0,8.0,,1003.2,633
2018-04-11,13.2,8.9,17.5,0.0,0.0,123.0,11.0,,1006.2,208
2018-04-12,12.6,8.1,19.4,0.2,0.0,100.0,12.0,,1001.7,251
2018-04-13,12.0,7.6,14.5,0.0,0.0,223.0,9.0,,1006.8,10
2018-04-14,12.8,9.6,17.4,3.7,0.0,222.0,10.0,,1017.0,390
2018-04-15,13.6,9.3,19.5,2.1,0.0,153.0,6.0,,1013.4,350
2018-04-16,13.1,7.0,18.3,0.0,0.0,235.0,9.0,,1015.0,574
2018-04-17,13.5,4.7,21.6,0.0,0.0,92.0,4.0,,1024.7,693
2018-04-18,16.4,7.1,24.7,0.0,0.0,85.0,6.0,,1030.1,777
2018-04-19,19.0,8.6,27.8,0.0,0.0,76.0,9.0,,1027.4,802
2018-04-20,19.7,10.6,27.1,0.0,0.0,198.0,7.0,,1022.5,753
2018-04-21,16.4,9.4,22.4,0.0,0.0,175.0,7.0,,1020.7,747
2018-04-22,17.0,10.6,26.8,14.1,0.0,157.0,9.0,,1013.1,443
2018-04-23,14.9,8.0,18.4,0.0,0.0,240.0,14.0,,1013.9,477
2018-04-24,11.4,7.0,14.7,0.1,0.0,230.0,14.0,,1015.4,19
2018-04-25,12.9,8.2,15.4,2.4,0.0,243.0,19.0,,1009.9,198
2018-04-26,8.8,5.1,12.7,3.4,0.0,245.0,17.0,,1015.2,283
2018-04-27,10.9,4.4,17.9,0.0,0.0,162.0,8.0,,1012.0,611
2018-04-28,13.2,9.0,17.0,0.1,0.0,191.0,10.0,,1010.2,270
2018-04-29,14.2,6.3,20.7,1.0,0.0,101.0,8.0,,1007.0,301
2018-04-30,12.8,7.4,15.9,1.6,0.0,195.0,22.0,,999.0,231
2018-05-01,8.4,4.5,13.3,0.0,,224.0,24.0,,1009.0,455
2018-05-02,11.1,2.8,17.0,0.0,,184.0,9.0,,1012.7,561
2018-05-03,11.4,5.2,16.1,0.0,,233.0,8.0,,1017.0,587
2018-05-04,11.5,2.3,18.8,0.0,,46.0,8.0,,1023.1,844
2018-05-05,13.9,4.2,21.4,0.0,,60.0,12.0,,1025.1,857
2018-05-06,16.5,6.4,24.2,0.0,,70.0,12.0,,1023.8,861
2018-05-07,17.7,8.3,25.1,0.0,,71.0,11.0,,1019.4,863
2018-05-08,19.0,9.8,26.1,0.0,,73.0,11.0,,1011.7,863
2018-05-09,20.0,11.1,26.4,0.0,,68.0,9.0,,1007.0,753
2018-05-10,14.2,8.1,17.5,6.4,,221.0,12.0,,1010.6,49
2018-05-11,13.1,5.6,19.1,0.0,,124.0,6.0,,1019.5,331
2018-05-12,17.7,9.7,23.1,0.1,,82.0,8.0,,1014.6,653
2018-05-13,15.8,13.0,21.7,19.8,,180.0,10.0,,1011.0,359
2018-05-14,18.5,11.9,25.4,0.0,,121.0,10.0,,1011.6,701
2018-05-15,17.1,8.7,22.7,0.4,,,9.0,,1014.8,751
2018-05-16,14.7,10.0,18.7,7.4,,180.0,8.0,,1016.1,228
2018-05-17,12.2,8.5,17.4,0.0,,,14.0,,1020.4,570
2018-05-18,11.4,7.1,16.4,0.0,,313.0,10.0,,1021.7,442
2018-05-19,11.4,4.3,17.9,0.0,,147.0,6.0,,1022.4,520
2018-05-20,15.7,5.2,24.0,0.0,,40.0,10.0,,1022.0,862
2018-05-21,18.4,10.3,24.7,5.8,,72.0,14.0,,1016.4,861
2018-05-22,17.3,12.2,22.2,0.7,,84.0,6.0,,1013.3,266
2018-05-23,18.7,13.7,24.0,0.3,,60.0,8.0,,1018.8,299
2018-05-24,17.4,13.7,22.3,0.9,,72.0,10.0,,1019.6,142
2018-05-25,19.6,14.8,24.1,0.0,,79.0,7.0,,1018.5,392
2018-05-26,21.8,14.0,28.1,0.0,,61.0,9.0,,1020.1,835
2018-05-27,20.0,13.8,27.9,1.5,,83.0,8.0,,1018.7,514
2018-05-28,22.2,13.5,29.1,0.0,,59.0,6.0,,1017.3,633
2018-05-29,21.4,15.5,29.5,2.6,,100.0,9.0,,1012.8,527
2018-05-30,22.5,16.1,28.5,0.0,,126.0,6.0,,1013.8,766
2018-05-31,21.4,15.8,27.8,0.2,,187.0,5.0,,1014.1,462
2018-06-01,18.9,15.2,23.2,15.3,,223.0,8.0,,1015.2,163
2018-06-02,18.2,15.7,22.0,0.0,,261.0,12.0,,1018.0,257
2018-06-03,19.0,13.9,23.8,0.0,,164.0,4.0,,1018.3,316
2018-06-04,19.2,12.2,25.0,0.0,,117.0,8.0,,1013.7,810
2018-06-05,16.5,11.9,20.9,0.0,,,7.0,,1013.8,275
2018-06-06,20.0,10.2,27.3,0.0,,36.0,9.0,,1013.3,910
2018-06-07,21.3,13.8,29.9,10.1,,149.0,5.0,,1013.9,615
2018-06-08,19.8,17.5,23.4,12.1,,226.0,6.0,,1013.7,177
2018-06-09,21.9,16.6,28.2,4.5,,244.0,5.0,,1012.4,780
2018-06-10,20.6,16.4,24.5,0.0,,205.0,8.0,,1011.9,392
2018-06-11,17.9,14.1,22.5,0.0,,112.0,10.0,,1012.4,363
2018-06-12,15.2,12.6,18.4,0.8,,143.0,9.0,,1012.8,63
2018-06-13,14.1,8.6,18.0,0.0,,294.0,10.0,,1015.6,61
2018-06-14,15.1,7.8,21.4,4.1,,212.0,11.0,,1015.7,491
2018-06-15,18.7,14.7,23.7,0.0,,178.0,4.0,,1016.3,383
2018-06-16,19.7,14.5,25.0,1.2,,231.0,9.0,,1014.8,472
2018-06-17,16.7,12.8,20.0,0.0,,241.0,14.0,,1017.3,298
2018-06-18,17.8,14.3,21.2,0.1,,212.0,12.0,,1020.2,26
2018-06-19,17.9,14.0,22.2,0.0,,240.0,11.0,,1023.1,39
2018-06-20,21.6,16.0,28.0,0.0,,,8.0,,1020.5,500
2018-06-21,15.8,10.1,18.9,2.8,,264.0,20.0,,1017.8,379
2018-06-22,12.4,9.5,16.8,2.0,,275.0,20.0,,1023.7,281
2018-06-23,13.8,9.7,18.9,0.0,,283.0,15.0,,1025.5,260
2018-06-24,13.5,9.7,16.0,0.5,,276.0,8.0,,1022.7,5
2018-06-25,16.2,12.3,21.8,0.0,,306.0,10.0,,1023.4,281
2018-06-26,13.7,9.1,17.8,0.0,,198.0,7.0,,1025.4,141
2018-06-27,17.4,7.3,25.3,0.0,,40.0,10.0,,1024.5,799
2018-06-28,19.9,9.5,27.2,0.0,,77.0,10.0,,1022.4,883
2018-06-29,21.1,11.0,28.4,0.0,,165.0,8.0,,1018.3,917
2018-06-30,20.6,12.7,26.6,0.0,,96.0,13.0,,1016.1,922
2018-07-01,19.4,11.7,25.0,0.0,,77.0,16.0,,1017.7,925
2018-07-02,19.0,9.7,26.0,0.0,,59.0,12.0,,1016.9,921
2018-07-03,20.5,9.0,29.0,0.1,,95.0,5.0,,1016.5,920
2018-07-04,21.5,12.6,30.1,0.0,,193.0,7.0,,1013.8,539
2018-07-05,21.1,14.7,26.5,0.0,,260.0,8.0,,1013.2,457
2018-07-06,18.7,11.7,25.9,0.0,,296.0,10.0,,1019.3,362
2018-07-07,19.7,12.9,25.7,0.0,,228.0,8.0,,1022.9,805
2018-07-08,18.1,8.4,25.8,0.0,,233.0,8.0,,1023.6,910
2018-07-09,17.6,9.8,23.0,0.0,,273.0,9.0,,1022.4,326
2018-07-10,14.4,11.0,17.4,7.3,,270.0,14.0,,1016.6,149
2018-07-11,15.3,10.7,18.8,10.3,,256.0,8.0,,1016.5,80
2018-07-12,18.2,13.0,25.1,1.7,,243.0,7.0,,1017.8,254
2018-07-13,19.1,12.1,26.3,0.0,,220.0,6.0,,1020.1,679
2018-07-14,19.8,13.2,26.1,0.0,,115.0,8.0,,1019.5,814
2018-07-15,19.8,11.4,26.9,0.0,,34.0,7.0,,1017.1,906
2018-07-16,21.3,11.1,30.0,0.0,,106.0,5.0,,1013.3,863
2018-07-17,22.5,13.1,29.9,0.0,,173.0,10.0,,1013.9,787
2018-07-18,19.8,11.3,26.4,0.0,,230.0,7.0,,1018.3,640
2018-07-19,20.7,11.7,28.0,0.0,,65.0,5.0,,1017.9,704
2018-07-20,22.1,12.2,30.1,0.0,,143.0,5.0,,1013.2,656
2018-07-21,21.4,16.5,27.8,0.2,,226.0,8.0,,1011.0,127
2018-07-22,21.3,15.1,27.9,0.0,,246.0,10.0,,1013.9,547
2018-07-23,22.4,14.8,29.4,0.0,,239.0,7.0,,1016.6,856
2018-07-24,25.1,15.3,33.1,0.0,,98.0,5.0,,1014.6,868
2018-07-25,25.7,17.0,34.0,0.0,,224.0,7.0,,1014.4,494
2018-07-26,27.5,17.1,35.5,0.0,,58.0,9.0,,1014.7,836
2018-07-27,27.9,18.6,34.7,0.0,,72.0,10.0,,1012.3,865
2018-07-28,22.9,16.3,29.3,2.0,,191.0,10.0,,1008.6,281
2018-07-29,22.7,16.6,29.2,0.0,,141.0,9.0,,1013.5,301
2018-07-30,25.7,17.7,33.2,0.0,,136.0,6.0,,1014.6,613
2018-07-31,25.4,17.5,32.8,0.0,,253.0,12.0,,1016.0,780
2018-08-01,23.6,15.2,29.5,0.0,,167.0,7.0,,1020.5,439
2018-08-02,24.9,15.5,33.2,0.0,,174.0,6.0,,1021.6,737
2018-08-03,26.8,16.5,34.6,0.0,,136.0,5.0,,1020.5,784
2018-08-04,25.4,17.7,32.3,0.0,,272.0,10.0,,1018.8,641
2018-08-05,22.1,15.6,27.2,0.0,,291.0,10.0,,1021.5,635
2018-08-06,23.4,11.8,33.5,0.0,,123.0,5.0,,1016.3,830
2018-08-07,27.5,16.0,37.5,1.5,,159.0,8.0,,1009.3,753
2018-08-08,23.8,16.7,27.9,0.1,,236.0,16.0,,1011.0,322
2018-08-09,20.5,14.2,30.1,3.2,,116.0,14.0,,1012.1,268
2018-08-10,18.7,14.4,23.7,0.9,,232.0,19.0,,1019.9,543
2018-08-11,17.3,10.7,22.6,0.0,,243.0,16.0,,1021.3,543
2018-08-12,19.4,8.9,28.3,0.0,,188.0,8.0,,1015.6,766
2018-08-13,18.6,14.5,23.4,4.3,,185.0,12.0,,1007.5,101
2018-08-14,19.5,16.0,24.4,2.5,,256.0,17.0,,1012.8,260
2018-08-15,20.2,16.1,24.2,0.0,,233.0,10.0,,1018.8,115
2018-08-16,21.3,14.1,28.7,0.0,,223.0,9.0,,1016.0,792
2018-08-17,18.0,12.5,22.4,4.1,,209.0,9.0,,1017.5,304
2018-08-18,18.2,10.7,25.1,0.0,,,10.0,,1021.6,746
2018-08-19,19.8,12.7,26.7,0.0,,,12.0,,1020.3,774
2018-08-20,20.3,16.6,23.2,0.3,,,9.0,,1019.1,22
2018-08-21,20.6,13.6,26.9,0.0,,117.0,6.0,,1020.4,271
2018-08-22,22.9,15.2,31.1,0.0,,,8.0,,1016.4,644
2018-08-23,21.4,14.7,28.3,0.6,,236.0,13.0,,1012.6,605
2018-08-24,17.2,12.2,21.0,2.8,,246.0,15.0,,1011.2,97
2018-08-25,13.1,9.2,17.6,4.6,,234.0,15.0,,1011.0,224
2018-08-26,14.2,6.8,20.6,0.5,,214.0,11.0,,1015.4,563
2018-08-27,17.1,13.6,22.1,0.1,,225.0,20.0,,1011.6,154
2018-08-28,18.2,12.8,23.8,0.0,,,8.0,,1018.5,408
2018-08-29,18.9,10.3,29.1,16.2,,139.0,7.0,,1013.2,489
2018-08-30,16.3,13.3,20.0,0.1,,260.0,15.0,,1018.9,228
2018-08-31,14.5,9.8,19.4,0.0,,224.0,6.0,,1022.8,330
2018-09-01,13.9,7.1,20.5,0.0,,108.0,5.0,,1026.1,526
2018-09-02,16.4,7.3,23.9,0.0,,67.0,9.0,,1024.8,558
2018-09-03,18.1,15.0,21.5,0.6,,45.0,1.0,,1018.0,4
2018-09-04,19.5,13.8,27.5,0.4,,160.0,5.0,,1016.4,274
2018-09-05,20.3,13.0,27.7,0.0,,35.0,5.0,,1016.4,650
2018-09-06,17.2,13.5,20.8,4.5,,196.0,7.0,,1012.4,93
2018-09-07,15.2,9.0,19.1,0.2,,244.0,14.0,,1013.4,237
2018-09-08,14.7,9.5,19.8,0.0,,221.0,13.0,,1019.4,436
2018-09-09,17.7,13.1,24.1,0.0,,203.0,9.0,,1020.6,322
2018-09-10,17.8,14.3,21.3,0.0,,230.0,10.0,,1021.4,50
2018-09-11,19.6,13.9,26.2,0.0,,228.0,17.0,,1021.2,640
2018-09-12,17.8,13.7,24.3,3.0,,223.0,13.0,,1020.5,285
2018-09-13,13.8,8.8,17.2,0.5,,77.0,6.0,,1021.1,18
2018-09-14,13.4,6.2,20.3,0.0,,175.0,6.0,,1020.6,434
2018-09-15,14.6,9.9,19.4,0.0,,224.0,12.0,,1023.3,282
2018-09-16,16.1,9.5,23.3,0.0,,160.0,7.0,,1022.4,523
2018-09-17,17.7,8.5,27.2,0.0,,140.0,4.0,,1018.5,607
2018-09-18,23.2,14.3,31.6,0.0,,193.0,15.0,,1013.2,686
2018-09-19,20.8,13.2,28.3,0.0,,206.0,12.0,,1017.0,536
2018-09-20,20.6,15.0,26.5,0.0,,202.0,13.0,,1015.8,635
2018-09-21,17.7,11.5,22.6,4.1,,219.0,22.0,,1008.3,98
2018-09-22,12.4,10.0,16.5,3.9,,236.0,17.0,,1018.7,170
2018-09-23,10.2,8.2,11.6,14.5,,147.0,12.0,,1013.6,0
2018-09-24,9.5,5.8,13.8,0.5,,267.0,17.0,,1030.8,448
2018-09-25,9.1,3.8,15.1,0.0,,176.0,5.0,,1038.2,521
2018-09-26,11.0,3.7,18.3,0.0,,178.0,9.0,,1033.7,504
2018-09-27,14.9,8.3,24.1,0.0,,199.0,7.0,,1027.1,622
2018-09-28,10.8,4.2,15.9,0.0,,215.0,8.0,,1025.3,164
2018-09-29,7.8,1.0,15.5,0.0,,48.0,4.0,,1028.4,642
2018-09-30,9.5,2.1,17.4,0.0,,159.0,6.0,,1017.8,635
2018-10-01,9.4,5.2,13.5,3.0,0.0,263.0,16.0,,1017.4,264
2018-10-02,9.4,6.0,13.4,1.3,0.0,236.0,19.0,,1018.0,0
2018-10-03,11.7,8.0,15.4,0.0,0.0,265.0,15.0,,1023.3,319
2018-10-04,11.9,7.5,17.4,0.0,0.0,217.0,10.0,,1026.2,153
2018-10-05,14.1,5.3,23.6,0.0,0.0,125.0,7.0,,1018.9,629
2018-10-06,16.8,9.3,24.3,0.2,0.0,196.0,10.0,,1009.6,568
2018-10-07,11.5,4.7,15.1,0.0,0.0,82.0,10.0,,1017.6,475
2018-10-08,9.0,2.0,16.7,0.0,0.0,84.0,2.0,,1022.0,566
2018-10-09,11.6,4.6,20.7,0.0,0.0,,1.0,,1021.5,386
2018-10-10,14.6,5.9,24.8,0.0,0.0,47.0,7.0,,1018.1,611
2018-10-11,17.3,8.8,24.8,0.0,0.0,117.0,6.0,,1013.2,547
2018-10-12,20.5,15.3,26.0,0.0,0.0,156.0,10.0,,1018.8,564
2018-10-13,21.1,13.0,28.1,0.0,0.0,139.0,10.0,,1019.0,585
2018-10-14,18.9,11.6,26.3,0.0,0.0,75.0,8.0,,1011.2,589
2018-10-15,18.0,10.8,26.0,0.0,0.0,85.0,4.0,,1012.7,428
2018-10-16,16.4,10.4,24.5,0.0,0.0,,,,1018.2,419
2018-10-17,15.1,8.9,23.6,0.0,0.0,,,,1019.0,478
2018-10-18,13.1,9.1,17.1,0.1,0.0,,,,1023.1,68
2018-10-19,11.2,5.2,15.7,0.0,0.0,,,,1024.9,239
2018-10-20,7.3,1.0,14.4,0.0,0.0,263.0,5.0,,1030.0,398
2018-10-21,8.4,2.2,16.9,0.0,0.0,203.0,4.0,,1028.8,556
2018-10-22,9.0,2.7,14.4,2.2,0.0,234.0,7.0,,1030.0,96
2018-10-23,8.9,2.8,11.9,4.1,0.0,241.0,22.0,,1024.4,0
2018-10-24,12.8,11.9,14.1,1.4,0.0,278.0,21.0,,1021.6,55
2018-10-25,11.9,10.3,13.0,0.4,0.0,256.0,16.0,,1018.4,1
2018-10-26,9.5,6.5,10.5,3.6,0.0,233.0,16.0,,1008.4,0
2018-10-27,6.5,4.2,9.3,0.5,0.0,219.0,13.0,,1008.0,143
2018-10-28,4.2,1.6,6.1,0.0,0.0,39.0,17.0,,1014.6,137
2018-10-29,4.8,4.2,5.8,3.0,0.0,50.0,19.0,,1003.8,0
2018-10-30,6.2,3.9,9.2,4.4,0.0,149.0,23.0,,991.4,25
2018-10-31,9.2,5.3,12.3,0.4,0.0,155.0,14.0,,1012.7,311
2018-11-01,8.7,3.9,11.1,1.8,0.0,163.0,7.0,,1011.4,0
2018-11-02,8.4,1.4,11.5,0.1,0.0,223.0,14.0,,1021.5,75
2018-11-03,3.8,-0.6,9.9,0.0,0.0,107.0,4.0,,1028.3,510
2018-11-04,6.1,-0.4,11.8,0.0,0.0,80.0,5.0,,1017.3,0
2018-11-05,7.2,2.1,12.4,0.0,0.0,111.0,4.0,,1009.2,346
2018-11-06,9.6,3.5,16.4,0.0,0.0,66.0,6.0,,1007.5,172
2018-11-07,13.0,7.8,17.5,0.0,0.0,171.0,10.0,,1009.4,463
2018-11-08,10.2,3.9,14.2,0.8,0.0,168.0,8.0,,1019.4,325
2018-11-09,10.2,5.4,15.1,0.0,0.0,129.0,7.0,,1013.5,248
2018-11-10,13.4,10.4,14.9,2.0,0.0,169.0,20.0,,1004.7,0
2018-11-11,12.7,11.0,14.9,2.5,0.0,187.0,19.0,,1007.4,110
2018-11-12,12.4,10.1,17.5,1.2,0.0,192.0,13.0,,1013.8,140
2018-11-13,10.8,8.4,13.3,0.7,0.0,227.0,15.0,,1023.0,191
2018-11-14,8.1,2.8,13.3,0.0,0.0,172.0,9.0,,1028.4,447
2018-11-15,4.3,-0.4,11.6,0.0,0.0,73.0,6.0,,1026.2,466
2018-11-16,3.3,-2.5,11.4,0.0,0.0,76.0,6.0,,1029.3,469
2018-11-17,3.5,-0.5,9.0,0.0,0.0,79.0,11.0,,1032.2,465
2018-11-18,1.9,-1.7,6.3,0.0,0.0,,13.0,,1029.7,419
2018-11-19,4.1,1.9,5.8,0.7,0.0,,19.0,,1019.3,15
2018-11-20,2.4,0.7,3.3,1.1,0.0,77.0,21.0,,1011.9,0
2018-11-21,2.5,0.3,4.8,0.0,0.0,76.0,13.0,,1017.1,280
2018-11-22,2.6,-1.2,4.3,0.0,0.0,77.0,8.0,,1020.6,0
2018-11-23,1.1,-3.4,7.4,0.0,0.0,73.0,6.0,,1018.6,443
2018-11-24,1.0,-1.7,3.3,1.8,0.0,78.0,5.0,,1012.1,0
2018-11-25,3.3,2.8,4.4,0.0,0.0,132.0,8.0,,1010.7,0
2018-11-26,4.2,3.0,5.6,0.0,0.0,57.0,12.0,,1012.1,0
2018-11-27,2.7,-1.1,4.3,0.0,0.0,80.0,7.0,,1019.8,7
2018-11-28,3.7,-2.4,7.6,1.1,0.0,126.0,14.0,,1020.7,38
2018-11-29,9.6,7.3,11.8,0.3,0.0,178.0,23.0,,1013.6,0
2018-11-30,9.7,7.2,11.5,0.0,0.0,199.0,14.0,,1011.4,51
2018-12-01,8.5,6.5,10.4,2.7,0.0,203.0,17.0,,1011.7,197
2018-12-02,11.2,8.8,13.7,13.3,0.0,210.0,21.0,,1000.8,1
2018-12-03,12.2,9.5,13.3,3.5,0.0,233.0,18.0,,1000.2,63
2018-12-04,5.6,0.1,9.9,0.0,0.0,254.0,12.0,,1018.3,344
2018-12-05,4.5,-0.5,9.0,0.5,0.0,143.0,10.0,,1022.6,21
2018-12-06,10.4,8.2,12.5,0.8,0.0,213.0,18.0,,1015.0,0
2018-12-07,10.7,6.2,12.4,4.6,0.0,223.0,26.0,,1006.2,7
2018-12-08,7.8,6.1,10.2,15.1,0.0,230.0,30.0,,1001.7,16
2018-12-09,7.3,5.0,9.7,6.9,0.0,257.0,27.0,,1000.1,5
2018-12-10,4.4,3.1,5.6,1.3,0.0,265.0,24.0,,1018.7,59
2018-12-11,3.9,1.8,6.2,0.1,0.0,271.0,16.0,,1022.4,75
2018-12-12,2.7,1.6,4.2,0.0,0.0,131.0,6.0,,1025.2,57
2018-12-13,1.2,-0.9,2.8,0.0,0.0,66.0,10.0,,1022.8,267
2018-12-14,0.7,-0.4,1.4,0.0,0.0,68.0,11.0,,1023.9,0
2018-12-15,-0.1,-2.4,0.9,0.2,0.0,129.0,12.0,,1024.6,0
2018-12-16,0.1,-1.9,2.2,0.7,10.0,164.0,9.0,,1013.0,0
2018-12-17,4.6,1.3,6.6,1.9,0.0,182.0,13.0,,1018.3,6
2018-12-18,5.7,3.1,8.2,0.1,0.0,169.0,13.0,,1021.2,232
2018-12-19,7.5,5.6,9.7,0.1,0.0,175.0,16.0,,1012.0,101
2018-12-20,7.4,5.8,8.7,3.4,0.0,195.0,16.0,,1011.8,30
2018-12-21,9.8,7.3,13.5,13.1,0.0,215.0,29.0,,1004.1,0
2018-12-22,8.9,6.8,10.3,8.8,0.0,255.0,23.0,,1011.7,4
2018-12-23,7.5,5.1,9.1,14.5,0.0,202.0,12.0,,1017.5,0
2018-12-24,4.4,1.8,5.6,0.0,0.0,291.0,12.0,,1027.9,147
2018-12-25,4.6,0.6,6.2,0.0,0.0,248.0,14.0,,1034.5,39
2018-12-26,2.3,-0.7,4.4,0.0,0.0,228.0,10.0,,1032.5,0
2018-12-27,1.9,-0.9,5.3,0.0,0.0,180.0,4.0,,1027.6,77
2018-12-28,0.9,-3.2,3.9,0.4,0.0,217.0,6.0,,1029.3,76
2018-12-29,5.8,3.5,8.6,1.7,0.0,244.0,20.0,,1028.8,0
2018-12-30,7.3,6.2,8.1,1.6,0.0,263.0,18.0,,1031.2,2
2018-12-31,8.6,7.5,9.5,0.4,0.0,262.0,13.0,,1032.3,0
2019-01-01,6.7,4.1,8.3,1.9,0.0,268.0,24.0,,1027.6,8
2019-01-02,3.0,-1.5,5.8,0.0,0.0,305.0,18.0,,1034.0,334
2019-01-03,2.2,-0.5,4.3,0.9,0.0,285.0,10.0,,1038.1,1
2019-01-04,2.8,-0.2,4.2,3.9,0.0,265.0,16.0,,1035.5,1
2019-01-05,6.1,4.2,7.1,3.2,0.0,279.0,23.0,,1028.8,0
2019-01-06,5.9,4.8,6.7,0.6,0.0,288.0,17.0,,1031.2,0
2019-01-07,5.4,3.2,7.9,4.7,0.0,242.0,18.0,,1029.2,0
2019-01-08,6.0,3.5,8.5,7.2,0.0,277.0,31.0,,1013.5,4
2019-01-09,3.0,0.4,4.5,0.0,0.0,311.0,19.0,,1017.0,104
2019-01-10,0.6,-1.0,2.0,0.9,0.0,299.0,9.0,,1026.1,11
2019-01-11,3.9,1.0,6.6,2.9,0.0,258.0,16.0,,1022.9,0
2019-01-12,5.9,5.2,7.0,6.9,0.0,260.0,22.0,,1016.9,0
2019-01-13,7.6,6.2,8.6,14.3,0.0,260.0,26.0,,1004.5,0
2019-01-14,4.3,1.6,6.6,0.7,0.0,288.0,20.0,,1011.4,120
2019-01-15,4.8,1.4,6.7,0.0,0.0,242.0,22.0,,1017.1,0
2019-01-16,5.8,4.5,6.6,1.3,0.0,225.0,22.0,,1008.9,1
2019-01-17,3.7,0.8,6.2,6.9,0.0,246.0,21.0,,1003.3,51
2019-01-18,-0.2,-3.1,3.7,0.0,0.0,226.0,9.0,,1019.1,412
2019-01-19,-1.9,-5.0,1.4,0.0,0.0,103.0,7.0,,1018.3,384
2019-01-20,-3.6,-7.5,1.4,0.0,0.0,77.0,5.0,,1018.5,453
2019-01-21,-4.4,-9.0,1.4,0.0,0.0,190.0,5.0,,1022.3,454
2019-01-22,-2.4,-6.4,2.7,0.1,0.0,170.0,12.0,,1009.0,348
2019-01-23,-2.9,-6.2,-1.4,0.0,10.0,78.0,9.0,,1001.8,172
2019-01-24,-4.9,-7.4,-3.5,0.0,10.0,160.0,4.0,,1010.9,0
2019-01-25,-1.5,-4.5,3.1,4.9,10.0,201.0,11.0,,1014.0,0
2019-01-26,5.5,3.2,6.9,3.3,0.0,233.0,23.0,,1004.3,0
2019-01-27,5.4,3.1,7.0,3.3,0.0,214.0,21.0,,987.6,1
2019-01-28,2.6,1.0,4.6,3.6,0.0,254.0,24.0,,992.9,0
2019-01-29,1.3,-0.8,4.3,0.0,0.0,206.0,14.0,,1004.4,119
2019-01-30,-0.6,-1.4,0.1,2.9,0.0,129.0,9.0,,994.6,0
2019-01-31,-1.1,-5.6,0.7,1.3,70.0,139.0,7.0,,996.9,7
2019-02-01,1.1,-2.7,6.5,1.1,70.0,105.0,9.0,,991.1,227
2019-02-02,0.4,-1.0,1.6,4.8,30.0,170.0,6.0,,998.6,0
2019-02-03,1.0,-2.1,3.8,0.0,20.0,283.0,10.0,,1018.8,104
2019-02-04,2.0,-1.6,4.6,0.1,0.0,206.0,16.0,,1026.3,173
2019-02-05,2.9,-0.5,4.4,0.0,0.0,216.0,12.0,,1026.7,0
2019-02-06,5.3,-0.4,9.1,1.0,0.0,185.0,11.0,,1022.7,19
2019-02-07,7.3,4.8,9.7,0.1,0.0,207.0,25.0,,1011.0,174
2019-02-08,7.7,5.8,9.2,2.0,0.0,204.0,27.0,,1010.1,31
2019-02-09,8.1,6.8,9.9,4.4,0.0,220.0,33.0,,1004.0,172
2019-02-10,7.0,1.5,10.1,19.5,0.0,218.0,26.0,,996.0,4
2019-02-11,4.0,1.0,6.7,1.2,0.0,275.0,20.0,,1016.2,139
2019-02-12,3.6,1.2,6.9,0.0,0.0,250.0,15.0,,1033.2,23
2019-02-13,5.2,1.6,8.8,0.0,0.0,228.0,13.0,,1035.5,178
2019-02-14,4.5,-1.8,13.6,0.0,0.0,133.0,4.0,,1035.9,448
2019-02-15,7.1,-1.9,17.7,0.0,0.0,107.0,7.0,,1031.9,553
2019-02-16,9.2,2.7,16.2,0.0,0.0,215.0,8.0,,1025.7,528
2019-02-17,7.6,-0.3,16.9,0.0,0.0,130.0,7.0,,1022.4,543
2019-02-18,9.7,3.0,17.8,0.2,0.0,202.0,10.0,,1018.1,553
2019-02-19,7.8,4.1,10.5,0.0,0.0,244.0,17.0,,1018.5,129
2019-02-20,6.9,2.9,11.1,0.0,0.0,226.0,12.0,,1023.1,72
2019-02-21,8.1,3.2,12.5,1.1,0.0,236.0,15.0,,1027.0,98
2019-02-22,8.7,4.2,11.1,0.0,0.0,160.0,9.0,,1035.9,4
2019-02-23,5.0,0.0,10.8,0.0,0.0,98.0,9.0,,1039.4,545
2019-02-24,5.8,-1.8,14.9,0.0,0.0,100.0,5.0,,1038.4,581
2019-02-25,6.6,-1.3,16.7,0.0,0.0,93.0,4.0,,1038.3,584
2019-02-26,7.1,-0.8,17.3,0.0,0.0,98.0,4.0,,1034.9,590
2019-02-27,8.2,-0.6,19.3,0.0,0.0,149.0,6.0,,1026.3,598
2019-02-28,9.0,3.3,14.3,0.7,0.0,238.0,17.0,,1015.7,383
2019-03-01,7.0,4.4,9.4,0.5,0.0,268.0,14.0,,1014.7,0
2019-03-02,7.1,3.9,10.6,0.4,0.0,220.0,11.0,,1014.7,69
2019-03-03,10.3,9.1,12.0,4.4,0.0,215.0,29.0,,1006.1,0
2019-03-04,9.2,5.3,13.0,5.3,0.0,226.0,34.0,,993.9,93
2019-03-05,6.3,4.2,9.5,0.1,0.0,237.0,23.0,,1005.1,151
2019-03-06,9.9,4.7,15.1,1.7,0.0,175.0,21.0,,1001.9,142
2019-03-07,9.8,6.7,12.7,4.9,0.0,210.0,31.0,,994.8,195
2019-03-08,7.4,5.9,9.4,3.7,0.0,238.0,25.0,,1008.8,153
2019-03-09,8.2,4.9,12.2,8.2,0.0,238.0,30.0,,1009.3,60
2019-03-10,6.3,2.4,11.5,11.5,0.0,228.0,24.0,,1006.1,11
2019-03-11,4.0,1.5,6.4,6.1,0.0,255.0,28.0,,1015.8,20
2019-03-12,6.2,1.0,9.7,0.9,0.0,202.0,25.0,,1013.4,17
2019-03-13,5.9,4.6,6.7,8.2,0.0,237.0,31.0,,1003.6,1
2019-03-14,6.6,5.2,10.0,9.1,0.0,242.0,28.0,,1001.8,11
2019-03-15,8.6,6.3,12.4,10.5,0.0,248.0,23.0,,1003.9,2
2019-03-16,9.4,6.4,11.1,2.8,0.0,233.0,26.0,,1006.4,0
2019-03-17,7.5,3.0,10.7,6.0,0.0,233.0,26.0,,1002.3,151
2019-03-18,4.7,0.8,8.9,0.4,0.0,255.0,19.0,,1016.4,194
2019-03-19,4.1,-1.5,9.8,0.0,0.0,241.0,8.0,,1028.5,478
2019-03-20,7.3,1.0,12.2,0.0,0.0,213.0,10.0,,1033.3,224
2019-03-21,9.6,2.7,16.9,0.0,0.0,170.0,6.0,,1033.8,645
2019-03-22,11.6,3.2,20.3,0.0,0.0,87.0,6.0,,1029.4,645
2019-03-23,8.7,4.8,12.1,0.0,0.0,239.0,9.0,,1029.2,39
2019-03-24,7.3,3.5,11.1,0.6,0.0,207.0,10.0,,1026.7,540
2019-03-25,5.8,3.4,9.2,3.4,0.0,285.0,19.0,,1021.7,201
2019-03-26,6.3,4.3,8.8,0.1,0.0,280.0,13.0,,1030.2,29
2019-03-27,7.2,2.0,11.5,0.0,0.0,266.0,9.0,,1032.6,213
2019-03-28,9.5,5.8,12.2,0.0,0.0,208.0,5.0,,1034.9,9
2019-03-29,10.1,1.9,17.1,0.0,0.0,99.0,5.0,,1030.5,712
2019-03-30,11.4,4.1,18.5,0.0,0.0,215.0,10.0,,1022.3,637
2019-03-31,7.7,2.6,11.1,0.0,0.0,,10.0,,1024.4,162
2019-04-01,7.1,-0.6,13.9,0.0,0.0,62.0,14.0,,1022.2,722
2019-04-02,10.1,3.1,15.7,2.2,0.0,135.0,12.0,,1008.0,195
2019-04-03,8.0,5.7,10.0,5.6,0.0,181.0,7.0,,1002.3,2
2019-04-04,5.2,2.4,6.4,6.9,0.0,204.0,7.0,,1001.2,0
2019-04-05,6.2,4.7,7.4,0.2,0.0,170.0,6.0,,1006.8,0
2019-04-06,11.1,6.6,17.2,0.0,0.0,85.0,9.0,,1005.6,386
2019-04-07,13.1,5.0,19.3,0.0,0.0,73.0,11.0,,1005.7,652
2019-04-08,12.6,4.4,19.9,0.0,0.0,66.0,8.0,,1009.4,677
2019-04-09,9.6,5.3,13.8,0.0,0.0,52.0,13.0,,1012.2,652
2019-04-10,6.6,1.4,11.4,0.0,0.0,46.0,15.0,,1016.1,705
2019-04-11,4.5,-1.4,9.6,0.0,0.0,66.0,10.0,,1023.4,356
2019-04-12,3.7,1.6,5.7,0.1,0.0,58.0,11.0,,1025.1,10
2019-04-13,2.1,0.2,6.3,4.1,0.0,105.0,10.0,,1024.8,154
2019-04-14,4.5,0.1,9.1,0.0,0.0,65.0,11.0,,1025.6,360
2019-04-15,9.7,3.2,15.9,0.0,0.0,63.0,14.0,,1024.6,753
2019-04-16,11.3,3.5,19.3,0.0,0.0,86.0,11.0,,1018.4,713
2019-04-17,12.8,7.3,17.3,0.0,0.0,95.0,9.0,,1022.1,222
2019-04-18,15.3,9.0,20.9,0.0,0.0,72.0,14.0,,1026.1,703
2019-04-19,15.4,6.1,23.2,0.0,0.0,78.0,12.0,,1028.4,790
2019-04-20,15.3,5.5,23.2,0.0,0.0,74.0,10.0,,1028.4,789
2019-04-21,14.6,3.9,22.6,0.0,0.0,60.0,8.0,,1021.0,794
2019-04-22,16.2,7.7,23.1,0.0,0.0,80.0,15.0,,1010.3,797
2019-04-23,14.9,8.5,20.8,0.0,0.0,75.0,18.0,,1001.1,707
2019-04-24,17.7,9.8,25.8,2.3,0.0,120.0,12.0,,1000.6,439
2019-04-25,15.0,7.2,22.2,0.2,0.0,175.0,15.0,,1007.2,364
2019-04-26,11.4,7.0,15.4,2.1,0.0,239.0,9.0,,1012.6,68
2019-04-27,9.3,6.8,12.0,4.6,0.0,207.0,12.0,,1012.8,192
2019-04-28,9.0,3.5,13.2,0.5,0.0,190.0,8.0,,1018.1,205
2019-04-29,8.7,0.8,14.4,0.1,0.0,238.0,10.0,,1023.5,203
2019-04-30,11.7,5.9,17.5,0.0,0.0,243.0,8.0,,1021.8,604
2019-05-01,9.0,4.0,15.5,0.0,,269.0,7.0,,1017.1,357
2019-05-02,9.4,2.7,15.7,2.3,,256.0,12.0,,1010.7,208
2019-05-03,8.5,5.4,11.1,4.8,,291.0,13.0,,1011.4,172
2019-05-04,5.1,-0.1,10.3,1.7,,264.0,13.0,,1010.7,368
2019-05-05,5.2,-0.8,10.8,0.2,,266.0,10.0,,1019.4,331
2019-05-06,6.6,1.0,11.7,1.4,,248.0,13.0,,1020.6,202
2019-05-07,7.9,3.4,12.4,0.1,,212.0,6.0,,1017.9,192
2019-05-08,9.5,4.8,12.9,5.1,,121.0,11.0,,1003.1,4
2019-05-09,11.8,7.7,16.1,1.1,,195.0,11.0,,998.6,291
2019-05-10,10.4,6.9,13.8,1.0,,,11.0,,1008.3,80
2019-05-11,9.5,4.5,13.6,0.2,,145.0,10.0,,1014.4,142
2019-05-12,8.6,2.6,14.1,0.0,,321.0,11.0,,1032.0,375
2019-05-13,9.1,0.2,15.7,0.0,,128.0,10.0,,1038.1,868
2019-05-14,9.2,1.9,15.4,0.0,,81.0,9.0,,1033.2,713
2019-05-15,9.5,1.2,15.8,0.1,,58.0,12.0,,1026.6,707
2019-05-16,9.4,7.1,11.7,1.5,,70.0,10.0,,1018.1,4
2019-05-17,11.1,7.4,15.4,0.0,,83.0,8.0,,1008.7,39
2019-05-18,14.2,5.3,22.8,2.3,,125.0,6.0,,1005.9,578
2019-05-19,14.6,7.6,22.0,0.6,,190.0,7.0,,1005.1,326
2019-05-20,13.7,8.9,17.3,7.3,,262.0,12.0,,1006.2,5
2019-05-21,13.2,11.5,14.5,1.2,,286.0,18.0,,1010.9,0
2019-05-22,13.0,8.2,18.5,0.1,,275.0,13.0,,1018.6,351
2019-05-23,14.5,5.5,21.5,0.0,,219.0,6.0,,1018.2,764
2019-05-24,15.8,8.0,23.0,1.1,,227.0,9.0,,1014.8,476
2019-05-25,12.7,6.8,18.3,0.0,,276.0,7.0,,1017.2,393
2019-05-26,15.4,7.5,20.8,1.5,,221.0,14.0,,1013.5,187
2019-05-27,15.4,10.8,19.5,0.2,,254.0,12.0,,1008.8,275
2019-05-28,11.5,7.7,15.5,20.4,,207.0,8.0,,1009.0,80
2019-05-29,11.8,3.6,18.1,0.0,,97.0,7.0,,1020.9,895
2019-05-30,15.3,10.3,19.1,0.0,,207.0,12.0,,1022.6,55
2019-05-31,18.5,12.2,23.3,0.0,,238.0,12.0,,1023.8,436
2019-06-01,19.1,11.1,26.0,0.0,,213.0,7.0,,1021.7,841
2019-06-02,23.2,13.1,30.5,0.8,,170.0,11.0,,1014.5,894
2019-06-03,19.8,15.7,24.6,6.1,,220.0,9.0,,1012.9,246
2019-06-04,21.2,15.3,27.5,0.4,,135.0,10.0,,1010.1,577
2019-06-05,22.1,16.3,26.5,1.3,,163.0,9.0,,1006.3,762
2019-06-06,15.4,9.9,20.2,0.0,,212.0,13.0,,1010.8,95
2019-06-07,16.3,7.3,26.0,1.3,,130.0,13.0,,1011.5,676
2019-06-08,15.2,10.7,19.5,0.3,,213.0,24.0,,1017.3,209
2019-06-09,16.4,8.3,22.7,0.0,,152.0,7.0,,1021.9,669
2019-06-10,18.7,13.6,24.0,6.5,,193.0,6.0,,1012.2,289
2019-06-11,16.9,14.0,21.3,0.1,,246.0,9.0,,1011.3,330
2019-06-12,15.8,11.9,19.1,15.3,,143.0,9.0,,1009.4,308
2019-06-13,16.8,10.7,21.9,0.2,,201.0,14.0,,1012.5,618
2019-06-14,19.5,10.1,26.5,2.8,,162.0,7.0,,1013.9,682
2019-06-15,18.5,14.1,22.6,0.4,,241.0,12.0,,1012.5,462
2019-06-16,17.9,12.3,22.9,0.0,,212.0,8.0,,1019.5,311
2019-06-17,19.7,10.6,26.6,0.0,,96.0,6.0,,1020.0,868
2019-06-18,22.1,14.1,28.9,0.0,,88.0,5.0,,1014.1,524
2019-06-19,23.1,15.3,30.5,1.9,,177.0,11.0,,1008.1,604
2019-06-20,18.1,14.7,22.6,0.4,,241.0,11.0,,1011.6,168
2019-06-21,17.2,11.9,22.0,0.0,,259.0,10.0,,1018.5,613
2019-06-22,18.3,10.2,24.5,0.0,,103.0,11.0,,1020.8,780
2019-06-23,22.0,13.6,28.8,0.0,,74.0,11.0,,1019.1,803
2019-06-24,24.6,16.3,31.7,0.0,,86.0,11.0,,1019.3,802
2019-06-25,27.0,17.4,35.0,0.0,,136.0,9.0,,1017.9,835
2019-06-26,25.7,17.3,31.0,0.0,,277.0,12.0,,1022.6,879
2019-06-27,18.8,12.8,25.1,0.0,,252.0,11.0,,1027.2,777
2019-06-28,17.5,9.7,25.3,0.0,,58.0,8.0,,1025.2,683
2019-06-29,22.6,10.3,32.9,0.0,,60.0,6.0,,1019.1,923
2019-06-30,25.2,16.3,32.7,0.0,,227.0,13.0,,1013.6,836
2019-07-01,19.8,12.1,25.7,0.0,,266.0,15.0,,1017.1,684
2019-07-02,16.8,9.7,22.5,0.0,,271.0,10.0,,1022.1,558
2019-07-03,15.8,8.9,21.5,0.0,,255.0,9.0,,1024.3,590
2019-07-04,16.0,6.6,23.7,0.0,,136.0,5.0,,1023.6,808
2019-07-05,19.9,12.2,26.1,0.0,,256.0,15.0,,1016.8,691
2019-07-06,18.1,10.6,27.0,5.9,,250.0,13.0,,1011.5,465
2019-07-07,14.9,9.4,19.0,0.0,,298.0,12.0,,1014.3,148
2019-07-08,13.3,7.5,17.1,0.0,,273.0,13.0,,1018.8,54
2019-07-09,14.7,7.9,20.5,0.0,,303.0,10.0,,1020.4,209
2019-07-10,15.1,5.7,22.7,0.8,,227.0,6.0,,1019.8,556
2019-07-11,16.4,13.6,23.5,14.1,,140.0,5.0,,1013.6,39
2019-07-12,17.8,13.1,23.6,5.9,,226.0,10.0,,1011.4,255
2019-07-13,17.0,13.9,21.4,0.5,,288.0,13.0,,1016.5,120
2019-07-14,15.2,12.0,17.7,0.0,,293.0,8.0,,1019.3,9
2019-07-15,13.8,9.6,17.6,0.0,,280.0,8.0,,1019.4,96
2019-07-16,14.2,8.7,17.5,0.0,,248.0,8.0,,1018.7,0
2019-07-17,16.2,11.0,21.0,0.0,,157.0,4.0,,1015.8,186
2019-07-18,18.9,10.1,26.7,0.0,,172.0,8.0,,1012.0,498
2019-07-19,20.5,15.4,25.9,0.0,,235.0,9.0,,1013.6,388
2019-07-20,20.2,14.5,29.0,10.7,,183.0,12.0,,1012.1,437
2019-07-21,19.1,13.8,24.6,0.0,,252.0,11.0,,1019.8,381
2019-07-22,21.1,13.4,28.7,0.0,,211.0,10.0,,1022.9,621
2019-07-23,24.6,14.2,32.7,0.0,,117.0,6.0,,1020.6,879
2019-07-24,28.0,17.5,37.2,0.0,,96.0,7.0,,1014.9,830
2019-07-25,30.2,18.7,39.0,0.0,,111.0,8.0,,1014.4,824
2019-07-26,28.6,20.6,35.7,0.0,,73.0,13.0,,1009.5,728
2019-07-27,24.6,17.9,31.8,0.0,,118.0,13.0,,1002.8,610
2019-07-28,20.5,15.6,25.2,4.7,,226.0,9.0,,1002.6,172
2019-07-29,20.6,16.2,26.2,0.0,,244.0,8.0,,1010.9,243
2019-07-30,22.8,13.9,30.5,0.0,,197.0,9.0,,1011.6,625
2019-07-31,20.1,14.2,24.4,2.7,,234.0,12.0,,1015.1,385
2019-08-01,18.5,12.3,23.8,0.0,,228.0,8.0,,1016.8,215
2019-08-02,18.5,11.7,25.7,4.4,,,9.0,,1014.8,449
2019-08-03,18.0,13.5,22.5,0.0,,270.0,10.0,,1016.7,268
2019-08-04,19.8,12.2,26.5,0.1,,184.0,5.0,,1016.0,606
2019-08-05,22.3,17.0,27.8,0.1,,181.0,12.0,,1010.5,367
2019-08-06,20.8,16.2,25.1,0.3,,240.0,12.0,,1009.9,402
2019-08-07,20.4,14.6,24.9,0.8,,237.0,14.0,,1007.5,397
2019-08-08,19.0,13.9,25.0,0.0,,227.0,15.0,,1011.2,608
2019-08-09,20.8,14.4,26.6,1.0,,118.0,8.0,,1009.0,25
2019-08-10,21.9,18.2,25.4,0.0,,218.0,23.0,,1010.3,453
2019-08-11,19.4,14.5,24.0,0.0,,230.0,12.0,,1014.7,378
2019-08-12,16.7,10.9,24.4,3.9,,218.0,11.0,,1015.1,406
2019-08-13,14.2,10.1,20.3,2.4,,241.0,13.0,,1017.1,207
2019-08-14,16.3,8.5,22.7,1.1,,214.0,11.0,,1017.1,481
2019-08-15,17.5,14.1,21.6,4.5,,215.0,16.0,,1011.2,139
2019-08-16,17.6,12.1,23.1,0.4,,220.0,12.0,,1015.6,458
2019-08-17,19.5,16.5,22.3,3.3,,200.0,17.0,,1008.9,16
2019-08-18,16.7,14.0,19.8,10.4,,199.0,10.0,,1007.2,33
2019-08-19,17.3,12.6,22.2,0.0,,230.0,14.0,,1015.6,558
2019-08-20,16.3,11.0,21.8,0.6,,235.0,10.0,,1022.4,546
2019-08-21,16.0,8.8,22.5,0.0,,212.0,6.0,,1027.8,698
2019-08-22,18.4,9.6,26.7,0.0,,174.0,8.0,,1025.6,786
2019-08-23,19.7,9.8,28.1,0.0,,113.0,6.0,,1025.1,772
2019-08-24,21.3,10.8,29.8,0.0,,73.0,9.0,,1021.1,780
2019-08-25,22.9,13.4,31.6,0.0,,103.0,6.0,,1018.8,610
2019-08-26,23.9,15.5,33.6,0.0,,121.0,5.0,,1017.6,587
2019-08-27,24.2,15.5,33.5,0.0,,104.0,5.0,,1015.2,501
2019-08-28,24.8,18.4,32.0,5.7,,193.0,8.0,,1013.8,430
2019-08-29,20.6,17.0,24.0,1.2,,239.0,9.0,,1018.4,237
2019-08-30,19.5,13.7,25.7,0.0,,200.0,5.0,,1022.2,610
2019-08-31,23.0,12.6,32.2,2.6,,128.0,10.0,,1013.5,677
2019-09-01,17.1,10.8,20.5,1.4,,260.0,12.0,,1014.0,160
2019-09-02,14.1,7.3,20.9,0.0,,250.0,10.0,,1022.6,606
2019-09-03,15.6,10.8,19.4,0.0,,230.0,11.0,,1023.1,56
2019-09-04,17.5,14.1,24.0,1.8,,225.0,13.0,,1016.3,238
2019-09-05,13.8,8.2,18.3,0.8,,257.0,16.0,,1018.6,257
2019-09-06,13.2,5.5,19.7,1.0,,226.0,10.0,,1023.3,603
2019-09-07,14.3,10.3,18.8,4.7,,204.0,8.0,,1018.1,172
2019-09-08,12.6,9.3,16.2,0.2,,233.0,5.0,,1018.4,50
2019-09-09,13.2,7.8,17.6,0.0,,249.0,8.0,,1015.5,63
2019-09-10,12.6,4.7,20.4,0.0,,226.0,7.0,,1017.8,512
2019-09-11,13.9,7.3,20.6,2.2,,208.0,12.0,,1021.7,234
2019-09-12,18.2,14.2,23.1,0.0,,230.0,13.0,,1026.7,213
2019-09-13,17.4,9.2,20.7,0.9,,230.0,12.0,,1031.3,119
2019-09-14,12.9,5.1,20.7,0.0,,77.0,6.0,,1032.7,687
2019-09-15,16.0,6.3,24.4,0.4,,235.0,11.0,,1023.3,671
2019-09-16,13.4,9.9,15.3,4.3,,205.0,5.0,,1020.3,0
2019-09-17,12.2,7.4,17.0,0.0,,267.0,15.0,,1020.9,325
2019-09-18,10.5,5.1,16.5,0.0,,281.0,10.0,,1026.5,288
2019-09-19,9.7,3.1,16.6,0.0,,235.0,6.0,,1030.0,577
2019-09-20,10.5,2.5,18.9,0.0,,67.0,5.0,,1028.5,667
2019-09-21,14.2,3.5,25.2,0.0,,74.0,7.0,,1020.0,679
2019-09-22,18.6,7.0,28.4,2.0,,120.0,6.0,,1010.2,584
2019-09-23,16.2,11.2,19.9,1.6,,234.0,9.0,,1013.9,27
2019-09-24,15.5,9.9,20.6,1.8,,168.0,10.0,,1011.1,297
2019-09-25,15.6,13.5,19.2,3.2,,215.0,11.0,,1006.1,150
2019-09-26,16.3,14.3,18.0,5.1,,195.0,11.0,,1008.6,40
2019-09-27,15.8,13.4,19.6,0.2,,222.0,14.0,,1008.9,356
2019-09-28,15.0,13.3,17.7,3.3,,223.0,22.0,,1010.8,130
2019-09-29,15.3,14.0,16.7,20.5,,212.0,24.0,,1002.3,2
2019-09-30,13.9,12.3,15.7,4.4,,246.0,22.0,,1006.6,142
2019-10-01,15.0,13.0,17.6,23.3,0.0,216.0,17.0,,1001.7,33
2019-10-02,10.4,8.4,14.0,0.7,0.0,268.0,16.0,,1008.4,337
2019-10-03,10.4,8.4,14.1,1.7,0.0,248.0,14.0,,1016.5,87
2019-10-04,10.4,8.9,13.1,9.8,0.0,190.0,14.0,,1006.6,0
2019-10-05,9.7,6.5,13.3,0.0,0.0,156.0,9.0,,1015.1,141
2019-10-06,8.5,6.9,11.1,3.2,0.0,94.0,13.0,,1015.5,6
2019-10-07,9.9,5.1,13.8,3.6,0.0,109.0,11.0,,1017.2,369
2019-10-08,12.9,11.4,15.2,1.5,0.0,222.0,15.0,,1008.1,1
2019-10-09,12.3,10.2,14.6,4.8,0.0,229.0,18.0,,1006.8,76
2019-10-10,11.8,9.8,14.7,0.2,0.0,236.0,18.0,,1011.4,97
2019-10-11,14.5,12.2,16.9,1.0,0.0,217.0,23.0,,1012.6,15
2019-10-12,16.6,14.8,18.9,0.1,0.0,222.0,20.0,,1009.8,187
2019-10-13,19.5,14.6,23.7,0.7,0.0,192.0,15.0,,1009.4,287
2019-10-14,17.1,11.7,22.5,0.0,0.0,133.0,9.0,,1011.4,408
2019-10-15,16.1,12.1,19.4,11.9,0.0,233.0,9.0,,1006.5,205
2019-10-16,13.5,11.3,16.0,0.9,0.0,217.0,17.0,,1009.6,186
2019-10-17,14.8,13.8,16.7,0.6,0.0,204.0,16.0,,1010.0,46
2019-10-18,13.2,10.1,18.0,2.3,0.0,194.0,18.0,,1007.7,224
2019-10-19,12.4,10.2,15.8,2.9,0.0,185.0,13.0,,1006.5,43
2019-10-20,11.7,10.6,12.6,14.9,0.0,134.0,5.0,,1008.7,0
2019-10-21,13.8,10.4,18.5,0.0,0.0,185.0,9.0,,1016.1,218
2019-10-22,11.2,8.0,14.1,0.0,0.0,198.0,8.0,,1023.7,2
2019-10-23,11.7,7.7,16.7,0.0,0.0,74.0,7.0,,1016.4,412
2019-10-24,13.8,7.1,20.5,0.2,0.0,170.0,8.0,,1009.0,361
2019-10-25,14.3,12.4,16.4,0.0,0.0,209.0,15.0,,1017.8,350
2019-10-26,16.6,13.9,20.1,3.6,0.0,207.0,23.0,,1014.4,440
2019-10-27,10.5,4.6,17.6,0.2,0.0,248.0,16.0,,1018.7,75
2019-10-28,6.8,2.6,12.1,0.0,0.0,237.0,7.0,,1023.3,328
2019-10-29,5.7,0.6,10.7,0.0,0.0,122.0,5.0,,1025.6,347
2019-10-30,3.4,-0.7,8.8,0.0,0.0,73.0,8.0,,1028.4,451
2019-10-31,2.8,-1.4,9.0,0.0,0.0,74.0,8.0,,1023.9,516
2019-11-01,5.8,-1.2,12.3,7.8,0.0,128.0,10.0,,1008.2,0
2019-11-02,13.5,11.2,15.8,0.8,0.0,203.0,20.0,,991.0,30
2019-11-03,12.2,10.2,14.9,1.1,0.0,173.0,13.0,,986.3,79
2019-11-04,10.7,7.9,13.3,5.1,0.0,200.0,12.0,,989.2,73
2019-11-05,8.4,5.6,10.7,2.6,0.0,220.0,9.0,,995.9,55
2019-11-06,7.4,3.2,9.3,3.3,0.0,243.0,8.0,,1001.4,2
2019-11-07,7.7,4.5,10.9,0.9,0.0,133.0,12.0,,999.7,9
2019-11-08,5.7,2.7,10.8,0.0,0.0,152.0,5.0,,1006.1,133
2019-11-09,4.3,0.4,7.5,0.3,0.0,183.0,9.0,,1008.0,56
2019-11-10,2.1,-1.8,8.7,0.0,0.0,102.0,4.0,,1013.0,482
2019-11-11,4.1,0.1,7.0,0.3,0.0,177.0,16.0,,1007.2,43
2019-11-12,4.9,2.1,6.9,0.8,0.0,196.0,16.0,,1001.7,88
2019-11-13,5.0,2.6,7.1,0.5,0.0,193.0,15.0,,1000.9,62
2019-11-14,5.0,1.7,8.2,0.0,0.0,98.0,10.0,,1002.9,34
2019-11-15,3.6,1.5,6.5,0.4,0.0,80.0,11.0,,1001.7,16
2019-11-16,4.4,1.4,8.7,0.0,0.0,193.0,8.0,,1008.1,174
2019-11-17,2.0,-1.6,4.1,15.2,0.0,172.0,8.0,,1010.9,0
2019-11-18,4.4,3.4,6.1,26.2,0.0,238.0,13.0,,1005.8,0
2019-11-19,3.7,-0.1,6.3,3.8,0.0,218.0,14.0,,1015.4,7
2019-11-20,1.8,-1.1,4.8,0.0,0.0,133.0,5.0,,1018.3,62
2019-11-21,2.1,-1.3,5.7,0.0,0.0,88.0,5.0,,1010.4,1
2019-11-22,6.2,1.8,10.8,0.5,0.0,110.0,8.0,,1006.1,135
2019-11-23,5.4,1.5,9.5,0.0,0.0,75.0,11.0,,1000.4,303
2019-11-24,4.2,0.5,10.3,0.0,0.0,99.0,4.0,,1006.4,269
2019-11-25,5.6,2.1,8.2,0.1,0.0,82.0,3.0,,1009.3,0
2019-11-26,9.1,4.4,12.0,0.3,0.0,173.0,12.0,,1004.2,12
2019-11-27,10.9,9.5,12.6,3.2,0.0,169.0,17.0,,991.7,13
2019-11-28,9.7,7.9,11.2,4.9,0.0,231.0,28.0,,991.1,7
2019-11-29,5.7,3.2,8.1,0.5,0.0,277.0,16.0,,1009.1,249
2019-11-30,1.7,-2.7,5.9,0.0,0.0,205.0,8.0,,1023.4,363
2019-12-01,-0.8,-2.7,1.1,0.0,0.0,91.0,5.0,,1022.1,13
2019-12-02,2.5,-0.8,5.0,1.6,0.0,253.0,13.0,,1025.5,16
2019-12-03,5.2,1.0,7.3,0.1,0.0,242.0,9.0,,1027.7,12
2019-12-04,1.5,-2.1,7.2,0.0,0.0,140.0,5.0,,1023.4,414
2019-12-05,0.8,-3.0,4.1,0.0,0.0,226.0,10.0,,1020.3,298
2019-12-06,5.5,2.4,8.3,3.5,0.0,215.0,27.0,,1010.0,0
2019-12-07,8.6,8.0,9.2,0.2,0.0,240.0,23.0,,1010.9,7
2019-12-08,9.2,7.0,10.7,2.5,0.0,223.0,29.0,,1002.9,2
2019-12-09,6.4,3.6,7.5,5.8,0.0,242.0,23.0,,1001.7,0
2019-12-10,3.7,0.1,6.1,0.4,0.0,220.0,17.0,,1021.4,163
2019-12-11,4.3,3.1,6.5,6.5,0.0,194.0,14.0,,1008.4,0
2019-12-12,4.2,2.5,5.7,0.2,0.0,198.0,14.0,,999.1,71
2019-12-13,4.0,2.8,6.1,7.4,0.0,174.0,16.0,,979.7,0
2019-12-14,5.3,3.2,6.6,5.3,0.0,227.0,25.0,,989.8,26
2019-12-15,7.4,4.6,9.7,1.9,0.0,215.0,25.0,,1000.0,220
2019-12-16,7.7,4.5,10.2,0.0,0.0,166.0,9.0,,1005.7,0
2019-12-17,12.6,7.1,15.9,4.9,0.0,188.0,17.0,,1002.4,260
2019-12-18,7.7,4.5,10.2,0.0,0.0,203.0,11.0,,1014.8,189
2019-12-19,11.5,6.6,16.0,0.0,0.0,162.0,13.0,,1009.9,392
2019-12-20,10.5,6.8,14.2,0.9,0.0,151.0,18.0,,991.5,1
2019-12-21,8.1,5.3,10.4,0.9,0.0,182.0,16.0,,990.2,311
2019-12-22,8.1,6.1,10.5,5.8,0.0,185.0,19.0,,984.8,124
2019-12-23,7.5,6.1,8.4,1.2,0.0,245.0,20.0,,1004.7,8
2019-12-24,7.7,6.0,9.5,10.7,0.0,224.0,20.0,,1009.4,1
2019-12-25,7.2,5.0,8.5,1.6,0.0,271.0,15.0,,1017.8,1
2019-12-26,5.4,4.4,6.8,0.0,0.0,163.0,7.0,,1023.9,0
2019-12-27,3.0,-1.7,6.0,0.0,0.0,67.0,9.0,,1028.9,321
2019-12-28,-0.9,-3.3,2.2,0.0,0.0,75.0,5.0,,1040.7,135
2019-12-29,0.1,-4.0,5.5,0.0,0.0,150.0,5.0,,1037.3,17
2019-12-30,5.9,0.0,10.7,0.0,0.0,224.0,12.0,,1030.5,296
2019-12-31,3.2,-1.5,6.2,0.1,0.0,227.0,8.0,,1033.4,1
